{"cameraMode":{"drawMode":0,"name":"Shaded","section":"Shading Mode"},"sceneLighting":true,"audioPlay":false,"sceneViewState":{"m_AlwaysRefresh":false,"showFog":true,"showSkybox":true,"showFlares":true,"showImageEffects":true,"showParticleSystems":true,"showVisualEffectGraphs":true,"m_FxEnabled":false},"in2DMode":false,"pivot":{"x":1010.430908203125,"y":647.3389282226563,"z":2308.31787109375},"rotation":{"x":0.02398241125047207,"y":0.0018250035354867578,"z":-0.000046680961531819776,"w":-0.9997428059577942},"size":1866.524169921875,"orthographic":false}